id,name,contact_no,address
1,mani,7907977801,BISHNUGARH
2,ravi,124513564,Kochi
3,sonu,9955886614,Delhi
4,mani,7907977801,BISHNUGARH
5,ravi,124513564,Kochi
6,sonu,9955886614,Delhi
1,mani,7907977801,BISHNUGARH
2,ravi,124513564,Kochi
3,sonu,9955886614,Delhi
4,mani,7907977801,BISHNUGARH
5,ravi,124513564,Kochi
6,sonu,9955886614,Delhi
1,mani,7907977801,BISHNUGARH
2,ravi,124513564,Kochi
3,sonu,9955886614,Delhi
4,mani,7907977801,BISHNUGARH
5,ravi,124513564,Kochi
6,sonu,9955886614,Delhi
1,mani,7907977801,BISHNUGARH
2,ravi,124513564,Kochi
3,sonu,9955886614,Delhi
4,mani,7907977801,BISHNUGARH
5,ravi,124513564,Kochi
6,sonu,9955886614,Delhi
